﻿<UpdateInfo MD5="D4853318EDEC2FC2B00661893E930E6C">
	<UpdateLog>Dism++ 10.1.1002.1 2021秋季更新 16:57 2021/8/29
1. 解决Bug，32位系统无法使用wsusscn3.cab问题。
2. 解决Bug，WinSxS清理支持Windows 10 19041以及Windows 11。
3. 解决Bug 902, 修复TOC包不支持差异传输问题（反馈者 红毛樱木）。
4. 新增Fea 899，基于Github服务提供wsuscan3.cab的自动更新支持。
5. 新增Fea 898，添加只读hosts修改支持。
6. 新增Fea，支持Windows 11的Windows Update专用基于psf的补丁（感谢 毛利收集信息）。


详细信息请参考更新日志</UpdateLog>
	<Tag>1216</Tag>
	<URLS>
		<URL>http://cdn.chuyu.me/files/</URL>
	</URLS>
	<FileCollection>
		<File Path="Dism++ARM64.exe" Exist="True">
			<Version MD5="0D97098ACA8F5CAD88148C8DBA117B93">
				<Delta Size="198168" URL="Dism++ARM64.exe_10.1.1000.100~10.1.1002.1.psf" MD5="1006DDF11219F8488B67E637B19E05C6" Type="PA30" Base="6FA839300E46D14FA4E7E5EC9F06E5B5"/>
				<Delta Size="204047" URL="Dism++ARM64.exe_10.1.1000.90~10.1.1002.1.psf" MD5="026226FC186507C6647AB075537C0436" Type="PA30" Base="C96DF3CB2F94098A6A7C3E1C8CE31EDF"/>
				<Delta Size="163496" URL="Dism++ARM64.exe_10.1.1001.10~10.1.1002.1.psf" MD5="738C0A7CB1866CCAB227D2C87BF5EE3C" Type="PA30" Base="046370044B3AEB441FA40C64338E71C6"/>
				<Delta Size="368556" URL="Dism++ARM64.exe_10.1.1002.1.cab" MD5="23967A846C3F85371ED42D0057729DAF" Type="MSCF"/>
			</Version>
		</File>
		<File Path="Dism++x64.exe" Exist="True" zip="true" Size="345501" MD5="EF040CF24EB8737AD899A0ACDCB41DDA" URL="http://cdn.chuyu.me/files/Dism++x64_10.1.21.2B.zip">
			<Version MD5="A1A058FF98DC1F9320195B398AA06167">
				<Delta Size="199583" URL="Dism++x64.exe_10.1.1000.100~10.1.1002.1.psf" MD5="545BB456230892DE5BD6DC7CB85B627A" Type="PA30" Base="C093D77B4B858AFD7F2FDAB2745A7252"/>
				<Delta Size="222239" URL="Dism++x64.exe_10.1.1000.90~10.1.1002.1.psf" MD5="A4B036C7096010A7BE912EE973C7716C" Type="PA30" Base="DE7AF7A1B4D193E2D0CDEB2F706E5E41"/>
				<Delta Size="149609" URL="Dism++x64.exe_10.1.1001.10~10.1.1002.1.psf" MD5="E11B2B030541E0883F24821B649886D2" Type="PA30" Base="F2C180B46BB5F689A841C64C84ED1D84"/>
				<Delta Size="407714" URL="Dism++x64.exe_10.1.1002.1.cab" MD5="A80FC16A6E53B64C612D2E89BD4185EE" Type="MSCF"/>
			</Version>
		</File>
		<File Path="Dism++x86.exe" Exist="True" zip="true" Size="257672" MD5="D784CC8E300D7D16B3D6645FD952B67A" URL="http://cdn.chuyu.me/files/Dism++x86_10.1.21.2B.zip">
			<Version MD5="8A5438A49BC5CF8E32AAB67D697CEB67">
				<Delta Size="142680" URL="Dism++x86.exe_10.1.1000.100~10.1.1002.1.psf" MD5="37EE67EF1D242EEF809927A40FAB7AAC" Type="PA30" Base="7803782E31F109A93A9CEE25582165BC"/>
				<Delta Size="150287" URL="Dism++x86.exe_10.1.1000.90~10.1.1002.1.psf" MD5="FA01ABCA7F9C0B891E4C963840E1017F" Type="PA30" Base="46CEF1BDA80A4264059C9C2BA6846870"/>
				<Delta Size="102987" URL="Dism++x86.exe_10.1.1001.10~10.1.1002.1.psf" MD5="2D42B5A4CAA7744BF7567462CC9AF706" Type="PA30" Base="72AAD666337050A069090002DEEA4EA5"/>
				<Delta Size="310242" URL="Dism++x86.exe_10.1.1002.1.cab" MD5="A68B74CE7BA7E396B38FC6CEFB5E41B4" Type="MSCF"/>
			</Version>
		</File>
		<File Path="Config\Data.zip">
			<Version MD5="C7B7C57CFDB4C76287BBE270B3337088">
				<Delta Size="31643" URL="Config_Data.zip_2019-01-12~2020-01-18.psf" MD5="CC41C1DED8014E1C352998173FC50CE4" Type="PA30" Base="F3E5156B8DD80BC88F00862371E6E74E"/>
				<Delta Size="32381" URL="Config_Data.zip_2019-01-18~2020-01-18.psf" MD5="158461B13D3C952F663A313513E94FB1" Type="PA30" Base="DA9E1D9CCEA842DCA6FFA9B588FF6BCB"/>
				<Delta Size="45300" URL="Config_Data.zip_2019-04-15~2020-01-18.psf" MD5="6A3ADDF1FDFB10D06E9039861F30A74F" Type="PA30" Base="09D76693402A51B0E155CDFDC1C4192D"/>
				<Delta Size="46635" URL="Config_Data.zip_2020-01-18..zip" MD5="C7B7C57CFDB4C76287BBE270B3337088" Type="RAW"/>
			</Version>
		</File>
		<File Path="Config\arm64\CBSHost.dll" Exist="True">
			<Applicable>
				<FileExist FilePath="%0%Dism++ARM64.exe"/>
			</Applicable>
			<Version MD5="D81098BEC9F475C3A86E0FA38AEAA537">
				<Delta Size="29109" URL="Config_arm64_CBSHost.dll_10.1.1000.100~10.1.1002.1.psf" MD5="272FA65624DA866990D2040E8ACDAE60" Type="PA30" Base="F06CA20B70EA873010DE6AF5DB099249"/>
				<Delta Size="30404" URL="Config_arm64_CBSHost.dll_10.1.1000.90~10.1.1002.1.psf" MD5="4085D85EEEBD6D7B4C8735C7289BA6C4" Type="PA30" Base="B0022590E7692F4E68DF67CFEA8D0947"/>
				<Delta Size="23278" URL="Config_arm64_CBSHost.dll_10.1.1001.10~10.1.1002.1.psf" MD5="04CA25515E408EB2A44880C55EB0A60E" Type="PA30" Base="261583171116D7CF8D5E30E76C3DB2AC"/>
				<Delta Size="61114" URL="Config_arm64_CBSHost.dll_10.1.1002.1.cab" MD5="3463C3540CF5809BB9CDEFDD217DA48F" Type="MSCF"/>
			</Version>
		</File>
		<File Path="Config\amd64\CBSHost.dll" Exist="True" zip="true" Size="67375" MD5="C61109115A83DE72833DC356C7D764E4" URL="http://cdn.chuyu.me/files/CBSHost_amd64_10.1.21.2.zip">
			<Applicable>
				<FileExist FilePath="%0%Dism++x64.exe"/>
			</Applicable>
			<Version MD5="DD139DF87A896B894335E03ECE2973BF">
				<Delta Size="34299" URL="Config_amd64_CBSHost.dll_10.1.1000.100~10.1.1002.1.psf" MD5="71794AD5B0B633D560A2C902946195A7" Type="PA30" Base="965B97EBD792450976ACB36650C2A0C1"/>
				<Delta Size="38673" URL="Config_amd64_CBSHost.dll_10.1.1000.90~10.1.1002.1.psf" MD5="D1D376700D2AC3293D6E6E91D9208EE8" Type="PA30" Base="4890CB628DC84C1888102BB467646A4F"/>
				<Delta Size="22477" URL="Config_amd64_CBSHost.dll_10.1.1001.10~10.1.1002.1.psf" MD5="3F8241A7F09765C5A3C2E46355DBDC1E" Type="PA30" Base="463748F38BC87E2D9DC740E50AE6F3D7"/>
				<Delta Size="73622" URL="Config_amd64_CBSHost.dll_10.1.1002.1.cab" MD5="197A951DC34575DD33E2486292D21A83" Type="MSCF"/>
			</Version>
		</File>
		<File Path="Config\x86\CBSHost.dll" Exist="True" zip="true" Size="55141" MD5="25A63C0086B88A6E062E50E9EC577395" URL="http://cdn.chuyu.me/files/CBSHost_x86_10.1.21.2.zip">
			<Version MD5="9966252F6B62752F38BDE0FF2970300D">
				<Delta Size="24451" URL="Config_x86_CBSHost.dll_10.1.1000.100~10.1.1002.1.psf" MD5="1167D02F9F1C62A52D65E25E57C9BF80" Type="PA30" Base="57D272CFA33DF15243354A7C43A7E4BA"/>
				<Delta Size="26062" URL="Config_x86_CBSHost.dll_10.1.1000.90~10.1.1002.1.psf" MD5="C0BA91EEDA790A62D13D5FB91F0F956C" Type="PA30" Base="4D952816305D552E560923DDF45F4E69"/>
				<Delta Size="17698" URL="Config_x86_CBSHost.dll_10.1.1001.10~10.1.1002.1.psf" MD5="9E492C5435636E2B273F218196E166C7" Type="PA30" Base="259022DD09E854203B75DC2A4C6A6C24"/>
				<Delta Size="56978" URL="Config_x86_CBSHost.dll_10.1.1002.1.cab" MD5="0444759563DFC82A1D18E8A653FC1B02" Type="MSCF"/>
			</Version>
		</File>
		<File Path="Config\default.ui.zip" Exist="True">
			<Version MD5="E4B7BEF45A8F48832BA59396509DCB76">
				<Delta Size="10253" URL="Config_default.ui.zip_2017-05-31~2017-10-12.psf" MD5="04F45FDF4DFDCA796FA7DB39E1E40C74" Type="PA30" Base="8B2A79ABB65248386E98435BD589BE6E"/>
				<Delta Size="10249" URL="Config_default.ui.zip_2017-06-25~2017-10-12.psf" MD5="9BDAF8111560BBAA29F4A1B244FAE2C6" Type="PA30" Base="E56D76FBD2A4595EE79D865DF2789F6E"/>
				<Delta Size="929" URL="Config_default.ui.zip_2017-08-13~2017-10-12.psf" MD5="4438F1D9C728942E1E2FD4125D01AD33" Type="PA30" Base="BEFD81F29375FBDAAB5A229D3DC8F16F"/>
				<Delta Size="28019" URL="Config_default.ui.zip_2017-10-12.cab" MD5="27467756252D5058D6186827FEE8DF0F" Type="MSCF"/>
			</Version>
		</File>
		<File Path="Config\Plugins\FrogPlugins_Pcn7FMvReAsVWfCQBfRJCw\Plugin.arm64.dll" Exist="True">
			<Applicable>
				<FileExist FilePath="%0%Dism++ARM64.exe"/>
			</Applicable>
			<Version MD5="17854FC434CB208B3C590FA627A802ED">
				<Delta Size="26773" URL="Config_Plugins_FrogPlugins_Pcn7FMvReAsVWfCQBfRJCw_Plugin.arm64.dll_10.1.1000.100~10.1.1002.1.psf" MD5="668068DA81962C1070130A8A5EB5124E" Type="PA30" Base="FA427B369789C3B70CB18CD4E9CF18B6"/>
				<Delta Size="27720" URL="Config_Plugins_FrogPlugins_Pcn7FMvReAsVWfCQBfRJCw_Plugin.arm64.dll_10.1.1000.80~10.1.1002.1.psf" MD5="2587D5528F0392F20636AAA313BBA06F" Type="PA30" Base="EC43494A7F204034B677DFCBB17B4690"/>
				<Delta Size="54847" URL="Config_Plugins_FrogPlugins_Pcn7FMvReAsVWfCQBfRJCw_Plugin.arm64.dll_10.1.1002.1.cab" MD5="098694228CEEE938C02C09860450FD3E" Type="MSCF"/>
			</Version>
		</File>
		<File Path="Config\Plugins\FrogPlugins_Pcn7FMvReAsVWfCQBfRJCw\Plugin.amd64.dll" Exist="True">
			<Applicable>
				<FileExist FilePath="%0%Dism++x64.exe"/>
			</Applicable>
			<Version MD5="67CBF66AF892412815D9DD6FC52B693A">
				<Delta Size="46247" URL="Config_Plugins_FrogPlugins_Pcn7FMvReAsVWfCQBfRJCw_Plugin.amd64.dll_10.1.1000.0~10.1.1002.1.psf" MD5="5AC8D7F244569A32C0E3762B4342C509" Type="PA30" Base="8DE00900B0C31ACED60B21B0DBF4C73B"/>
				<Delta Size="45899" URL="Config_Plugins_FrogPlugins_Pcn7FMvReAsVWfCQBfRJCw_Plugin.amd64.dll_10.1.1000.10~10.1.1002.1.psf" MD5="EF0B58CCF3ECF23059943A682F46245A" Type="PA30" Base="E2A7B8657CF2CCD18A35A8B9470CCA16"/>
				<Delta Size="33121" URL="Config_Plugins_FrogPlugins_Pcn7FMvReAsVWfCQBfRJCw_Plugin.amd64.dll_10.1.1000.100~10.1.1002.1.psf" MD5="176ADEFF7C7CBCB6C9108186AF1DC673" Type="PA30" Base="911D2ED8D5EDD5E4FC68CF43F5A97205"/>
				<Delta Size="45515" URL="Config_Plugins_FrogPlugins_Pcn7FMvReAsVWfCQBfRJCw_Plugin.amd64.dll_10.1.1000.40~10.1.1002.1.psf" MD5="A65BB4BE909CCC68CFE84B1C005964FF" Type="PA30" Base="B869B4549B0D87E8C21483607D1BA136"/>
				<Delta Size="45387" URL="Config_Plugins_FrogPlugins_Pcn7FMvReAsVWfCQBfRJCw_Plugin.amd64.dll_10.1.1000.52~10.1.1002.1.psf" MD5="915FD5E4F0D4D7827A7CDFE2DB98F84F" Type="PA30" Base="D15E034495627AE34FC5DE6A5C58EACE"/>
				<Delta Size="44810" URL="Config_Plugins_FrogPlugins_Pcn7FMvReAsVWfCQBfRJCw_Plugin.amd64.dll_10.1.1000.70~10.1.1002.1.psf" MD5="80730FEF125FA8F195210F8FFB6D4D38" Type="PA30" Base="F1DAF0600C7F1901472170C1C033CD2D"/>
				<Delta Size="44782" URL="Config_Plugins_FrogPlugins_Pcn7FMvReAsVWfCQBfRJCw_Plugin.amd64.dll_10.1.1000.71~10.1.1002.1.psf" MD5="528666869B31CC9BD3C5C8A0A6A5B205" Type="PA30" Base="51F3B735594F15BD26DD4024EB51A26B"/>
				<Delta Size="36009" URL="Config_Plugins_FrogPlugins_Pcn7FMvReAsVWfCQBfRJCw_Plugin.amd64.dll_10.1.1000.80~10.1.1002.1.psf" MD5="7A6250EE3E6C55679EC14FEF43C80D48" Type="PA30" Base="DB9E0F558CE60C5067BA356DA47E8E66"/>
				<Delta Size="49467" URL="Config_Plugins_FrogPlugins_Pcn7FMvReAsVWfCQBfRJCw_Plugin.amd64.dll_10.1.20.9~10.1.1002.1.psf" MD5="CE8E875831A5F3B58B1576D2D9C63C10" Type="PA30" Base="9D2949CBDF3C0C4373963E5A094F847F"/>
				<Delta Size="48491" URL="Config_Plugins_FrogPlugins_Pcn7FMvReAsVWfCQBfRJCw_Plugin.amd64.dll_10.1.21.3~10.1.1002.1.psf" MD5="484E467F5410A8013C97717ECF7D7276" Type="PA30" Base="EFA0D7574AA69EB4D7EF61CF051EA93E"/>
				<Delta Size="48031" URL="Config_Plugins_FrogPlugins_Pcn7FMvReAsVWfCQBfRJCw_Plugin.amd64.dll_10.1.24.1~10.1.1002.1.psf" MD5="8B7222B8E7E32C342E5147B47B54AFD6" Type="PA30" Base="C5140E463C46629DD3C873901E4B61D9"/>
				<Delta Size="47862" URL="Config_Plugins_FrogPlugins_Pcn7FMvReAsVWfCQBfRJCw_Plugin.amd64.dll_10.1.24.2~10.1.1002.1.psf" MD5="A2840E152CF73E7AE7F57060BE7AD703" Type="PA30" Base="3FE0BBA3134C965778D7CDAF0D37AF3B"/>
				<Delta Size="46712" URL="Config_Plugins_FrogPlugins_Pcn7FMvReAsVWfCQBfRJCw_Plugin.amd64.dll_10.1.26.3~10.1.1002.1.psf" MD5="50753BC9F0D54E3DA1AE824E3AA8B142" Type="PA30" Base="47D85E6EA9194E192FA73BDE211BB485"/>
				<Delta Size="68491" URL="Config_Plugins_FrogPlugins_Pcn7FMvReAsVWfCQBfRJCw_Plugin.amd64.dll_10.1.1002.1.cab" MD5="C446AF47215FF12E5A9929387783A48E" Type="MSCF"/>
			</Version>
		</File>
		<File Path="Config\Plugins\FrogPlugins_Pcn7FMvReAsVWfCQBfRJCw\Plugin.x86.dll">
			<Applicable>
				<Or>
					<RegExist Key="HKEY_CURRENT_USER\Software\Dism++FileRequest" Value="Plugin.x86.dll"/>
					<And>
						<FileExist FilePath="%0%Config\Plugins\FrogPlugins_Pcn7FMvReAsVWfCQBfRJCw\Plugin.x86.dll"/>
						<FileExist FilePath="%0%Dism++x86.exe"/>
					</And>
				</Or>
			</Applicable>
			<Version MD5="DA5B87E7CBC4FFF5CC2702B3BF48F372">
				<Delta Size="32796" URL="Config_Plugins_FrogPlugins_Pcn7FMvReAsVWfCQBfRJCw_Plugin.x86.dll_10.1.1000.0~10.1.1002.1.psf" MD5="F19C0B836787AC7B77F68570ADC8402D" Type="PA30" Base="48CC79AE5DAB522EFE062C642858B1B0"/>
				<Delta Size="32737" URL="Config_Plugins_FrogPlugins_Pcn7FMvReAsVWfCQBfRJCw_Plugin.x86.dll_10.1.1000.10~10.1.1002.1.psf" MD5="37685F1C3BD6A99CDE90022B8E70BB05" Type="PA30" Base="594B235255B7AC0875282E454D15BD8E"/>
				<Delta Size="23311" URL="Config_Plugins_FrogPlugins_Pcn7FMvReAsVWfCQBfRJCw_Plugin.x86.dll_10.1.1000.100~10.1.1002.1.psf" MD5="79DC0C4006CB7B6E460A27C8069FDD3B" Type="PA30" Base="B9E4E6A99794A488471999CB8AB18D56"/>
				<Delta Size="32248" URL="Config_Plugins_FrogPlugins_Pcn7FMvReAsVWfCQBfRJCw_Plugin.x86.dll_10.1.1000.40~10.1.1002.1.psf" MD5="5687A25821D33E12629AF5525FCD5CE4" Type="PA30" Base="31C3C550A6E9951DEED3534C7BCA8FC1"/>
				<Delta Size="33021" URL="Config_Plugins_FrogPlugins_Pcn7FMvReAsVWfCQBfRJCw_Plugin.x86.dll_10.1.1000.52~10.1.1002.1.psf" MD5="936B0D501616AB33FCD6C99186243318" Type="PA30" Base="1E47F1E38146991BCEC8A72BF5F3BE40"/>
				<Delta Size="32676" URL="Config_Plugins_FrogPlugins_Pcn7FMvReAsVWfCQBfRJCw_Plugin.x86.dll_10.1.1000.70~10.1.1002.1.psf" MD5="D9AAAA4B9239FA2020C328EF85783192" Type="PA30" Base="E281A79E68F150AF7850A7F9C51F51B0"/>
				<Delta Size="32663" URL="Config_Plugins_FrogPlugins_Pcn7FMvReAsVWfCQBfRJCw_Plugin.x86.dll_10.1.1000.71~10.1.1002.1.psf" MD5="472637267171B3CAA4FA53FEADC85092" Type="PA30" Base="F19D1747C9B1AA3EC9DD12D18AF38C8E"/>
				<Delta Size="24951" URL="Config_Plugins_FrogPlugins_Pcn7FMvReAsVWfCQBfRJCw_Plugin.x86.dll_10.1.1000.80~10.1.1002.1.psf" MD5="586F3D93176CB2825D11BD157CD67BBA" Type="PA30" Base="F021DFE490A91DA00DB6BC033F8CEE7F"/>
				<Delta Size="34799" URL="Config_Plugins_FrogPlugins_Pcn7FMvReAsVWfCQBfRJCw_Plugin.x86.dll_10.1.20.9~10.1.1002.1.psf" MD5="EBFE9F3B119728A92937B18568732DCF" Type="PA30" Base="D0E1A1B29EEF7C32650E4E36D9F3C176"/>
				<Delta Size="34056" URL="Config_Plugins_FrogPlugins_Pcn7FMvReAsVWfCQBfRJCw_Plugin.x86.dll_10.1.21.3~10.1.1002.1.psf" MD5="59B6D38613C3BA81B6E3BC570FC87EB3" Type="PA30" Base="666CBE92FDD3673D80BD901A87517472"/>
				<Delta Size="33877" URL="Config_Plugins_FrogPlugins_Pcn7FMvReAsVWfCQBfRJCw_Plugin.x86.dll_10.1.24.1~10.1.1002.1.psf" MD5="EDF0645148CD7AEC3C18EE6D66FF5B59" Type="PA30" Base="04000A8F3D6104D635257E10FB33BCC6"/>
				<Delta Size="33813" URL="Config_Plugins_FrogPlugins_Pcn7FMvReAsVWfCQBfRJCw_Plugin.x86.dll_10.1.24.2~10.1.1002.1.psf" MD5="E77FAC8423FF30A09EF0ED88652ED2D2" Type="PA30" Base="8DF0B0F67261F0708E23B5919BD3FA49"/>
				<Delta Size="33128" URL="Config_Plugins_FrogPlugins_Pcn7FMvReAsVWfCQBfRJCw_Plugin.x86.dll_10.1.26.3~10.1.1002.1.psf" MD5="DD4E4AD7A091C50D94EFF398FC232F5A" Type="PA30" Base="DDFBF0D53C1AE0BA991A1B521ABAB438"/>
				<Delta Size="52179" URL="Config_Plugins_FrogPlugins_Pcn7FMvReAsVWfCQBfRJCw_Plugin.x86.dll_10.1.1002.1.cab" MD5="9EDDBA4AEC298860C9FF297A72670B68" Type="MSCF"/>
			</Version>
		</File>
		<File Path="Config\Plugins\FrogPlugins_Pcn7FMvReAsVWfCQBfRJCw\PluginRes.dll">
			<Applicable>
				<Or>
					<FileExist FilePath="%0%Config\Plugins\FrogPlugins_Pcn7FMvReAsVWfCQBfRJCw\Plugin.amd64.dll"/>
					<FileExist FilePath="%0%Config\Plugins\FrogPlugins_Pcn7FMvReAsVWfCQBfRJCw\Plugin.x86.dll"/>
				</Or>
			</Applicable>
			<Version MD5="CAB1EBC67EE075F4844C0836B6B29D73">
				<Delta Size="202906" URL="PluginRes_10.1.10.1.cab" MD5="0B280E9D2E37F451AE9ACE08AFD42782" Type="MSCF"/>
			</Version>
		</File>
		<File Path="Config\amd64\bcdboot.exe" Exist="True">
			<Applicable>
				<FileExist FilePath="%0%Dism++x64.exe"/>
			</Applicable>
			<Version MD5="BE14BE7C8F7F0F4E397B89979CB9CF6B">
				<Delta Size="79554" URL="bcdboot_amd64_10.0.10586.0.cab" MD5="4820C3B4392E4407F8871F3DAD7520F7" Type="MSCF"/>
			</Version>
		</File>
		<File Path="Config\x86\bcdboot.exe" Exist="True">
			<Applicable>
				<FileExist FilePath="%0%Dism++x86.exe"/>
			</Applicable>
			<Version MD5="805A3ACFB09848CE0255D20F7B993313">
				<Delta Size="71476 " URL="bcdboot_x86_10.0.10586.0.cab" MD5="27289F0D4AA6AB64ADE49A503C4D5115" Type="MSCF"/>
			</Version>
		</File>
		<File Path="Config\amd64\wimgapi.dll" Exist="True">
			<Applicable>
				<FileExist FilePath="%0%Dism++x64.exe"/>
			</Applicable>
			<Version MD5="80826A2374B051468FFBD6E85993137D">
				<Delta Size="174047" URL="Config_amd64_wimgapi.dll_10.0.17134.1~10.0.18362.1.psf" MD5="BA099989CFD269F027247E5916EBDFA7" Type="PA30" Base="379C96D981D4794AD2D55EDDCF572C51"/>
				<Delta Size="106956" URL="Config_amd64_wimgapi.dll_10.0.17763.1~10.0.18362.1.psf" MD5="687CA2A3D27BBA085A837CCA72B73167" Type="PA30" Base="33C3B7D707A59CDA0D6231FB54087008"/>
				<Delta Size="321556" URL="Config_amd64_wimgapi.dll_10.0.18362.1.cab" MD5="58BE3998922875F30E11B3529853E153" Type="MSCF"/>
			</Version>
		</File>
		<File Path="Config\x86\wimgapi.dll" Exist="True">
			<Applicable>
				<FileExist FilePath="%0%Dism++x86.exe"/>
			</Applicable>
			<Version MD5="75FAA0992273718B30295AF7DD378CC3">
				<Delta Size="117795" URL="Config_x86_wimgapi.dll_10.0.17134.1~10.0.18362.1.psf" MD5="7807DCB3EEDD31D2B16C6775AD2CE53D" Type="PA30" Base="D16E3E97547FD6CA910DB75C8938E689"/>
				<Delta Size="100913" URL="Config_x86_wimgapi.dll_10.0.17763.1~10.0.18362.1.psf" MD5="000C5C7B3522330B1B857B62CCA0B402" Type="PA30" Base="CC360E43C6791AEE63EF96FB4A95C6BA"/>
				<Delta Size="276388" URL="Config_x86_wimgapi.dll_10.0.18362.1.cab" MD5="75D3D081DDB5969BEE0DFF344507F75B" Type="MSCF"/>
			</Version>
		</File>
		<File Path="Config\amd64\wofadk.sys" Exist="True">
			<Version MD5="FBA28D5AC166714737D1D8CDF0AEF078">
				<Delta Size="112225" URL="wofadk_amd64_10.0.14393.0.cab" MD5="D3A918FB9B17B2A95DE6849C3616FB52" Type="MSCF"/>
			</Version>
		</File>
		<File Path="Config\x86\wofadk.sys" Exist="True">
			<Version MD5="B58305136C4CE3508C0A3C9E48432AC9">
				<Delta Size="97413" URL="wofadk_x86_10.0.14393.0.cab" MD5="C69221C3E0F5BF3A99ECEAEDE4D9CC0F" Type="MSCF"/>
			</Version>
		</File>
		<File Path="Config\arm64\NCleaner.dll">
			<Applicable>
				<FileExist FilePath="%0%Dism++arm64.exe"/>
			</Applicable>
			<Version MD5="6F7A31F96E95D9467F755EC806B768EC">
				<Delta Size="7349" URL="Config_arm64_NCleaner.dll_10.1.1000.100~10.1.1001.10.psf" MD5="BDA6169F46D54F6E4900D08ED27A2C6E" Type="PA30" Base="830712EE2A7BF53CF646A150C3349019"/>
				<Delta Size="15769" URL="Config_arm64_NCleaner.dll_10.1.1001.10.cab" MD5="D273CDB2C6FBEF0E311E87FB5987D329" Type="MSCF"/>
			</Version>
		</File>
		<File Path="Config\amd64\NCleaner.dll">
			<Applicable>
				<FileExist FilePath="%0%Dism++x64.exe"/>
			</Applicable>
			<Version MD5="C2058BCB1607FFB1A9FEFD67C2E8F94A">
				<Delta Size="18072" URL="Config_amd64_NCleaner.dll_10.1.1000.100~10.1.1001.10.psf" MD5="1C51DE715A169C7F503EBD98CC3264C2" Type="PA30" Base="CB763F7B09F05BF6182FFE8DA78606D6"/>
				<Delta Size="19566" URL="Config_amd64_NCleaner.dll_10.1.1000.80~10.1.1001.10.psf" MD5="8F29D357A302D6FDE50688E7D738B31D" Type="PA30" Base="9239D753E26A88D0688AF6797E060217"/>
				<Delta Size="24975" URL="Config_amd64_NCleaner.dll_10.1.1001.10.cab" MD5="1C1CCECA11FC5372D313EDE984B40BC4" Type="MSCF"/>
			</Version>
		</File>
		<File Path="Config\x86\NCleaner.dll">
			<Applicable>
				<FileExist FilePath="%0%Dism++x86.exe"/>
			</Applicable>
			<Version MD5="8FD2598D9C61ED8DFF6D7BF661BF8287">
				<Delta Size="8280" URL="Config_x86_NCleaner.dll_10.1.1000.100~10.1.1001.10.psf" MD5="01F0C5666E0DFC73E862EDEC741DBCD0" Type="PA30" Base="CFD86ADDDF5D59D6497087C86ADD20A9"/>
				<Delta Size="9730" URL="Config_x86_NCleaner.dll_10.1.1000.80~10.1.1001.10.psf" MD5="93974D030F068B830B6648D00B9C3A95" Type="PA30" Base="5E6AD60DD9CF1154FE548EC36D0E1AC3"/>
				<Delta Size="16813" URL="Config_x86_NCleaner.dll_10.1.1001.10.cab" MD5="548518BD0AB02B0909EB132B397627EB" Type="MSCF"/>
			</Version>
		</File>
	</FileCollection>
	<Languages>
		<en Path="Config\Languages\en.zip">
			<Version MD5="FD842BA14E068BE060D796189A3E8C5F">
				<Delta Size="37501" URL="Config_Languages_en.zip_2018-08-20~2020-01-18.psf" MD5="90B00A8F893A415274CC9DCFDA6F216B" Type="PA30" Base="FEAFCAD198BB58849E0C9D80F110C2A1"/>
				<Delta Size="14481" URL="Config_Languages_en.zip_2019-01-12~2020-01-18.psf" MD5="3F4B85100273A2CB70817FC43326DF78" Type="PA30" Base="618628AB263DF650A19989F1262C30BB"/>
				<Delta Size="37729" URL="Config_Languages_en.zip_2020-01-18..zip" MD5="FD842BA14E068BE060D796189A3E8C5F" Type="RAW"/>
			</Version>
		</en>
		<bg Path="Config\Languages\bg.zip">
			<Version MD5="D2EFE76E6991016EA78D7E65DB60A640">
				<Delta Size="27701" URL="Config_Languages_bg.zip_2018-08-20~2020-01-18.psf" MD5="6F2480207E4F0E515F34C04CC3B4C039" Type="PA30" Base="D2FD1B17FF1A2C134229B3F630C5BD8D"/>
				<Delta Size="10618" URL="Config_Languages_bg.zip_2019-01-12~2020-01-18.psf" MD5="C27A143A6AAE18ADF7258789C4684BF5" Type="PA30" Base="9D9967ABD41AE24ADFD633136B48AC1E"/>
				<Delta Size="43003" URL="Config_Languages_bg.zip_2020-01-18..zip" MD5="D2EFE76E6991016EA78D7E65DB60A640" Type="RAW"/>
			</Version>
		</bg>
		<cs Path="Config\Languages\cs.zip">
			<Version MD5="753BEC76C97EACFFB76A014DAD3A1CE7">
				<Delta Size="21990" URL="Config_Languages_cs.zip_2018-08-20~2020-01-18.psf" MD5="A1FCF6FAEB380C1EA9351552EEFC4F4E" Type="PA30" Base="027FB8FAEFBFA75DDB475BC63B8BC4F4"/>
				<Delta Size="15653" URL="Config_Languages_cs.zip_2019-01-12~2020-01-18.psf" MD5="0584889192779BE35F9DA80698014D59" Type="PA30" Base="34D2F44B559457C38D2AF2108735FE61"/>
				<Delta Size="40192" URL="Config_Languages_cs.zip_2020-01-18..zip" MD5="753BEC76C97EACFFB76A014DAD3A1CE7" Type="RAW"/>
			</Version>
		</cs>
		<de Path="Config\Languages\de.zip">
			<Version MD5="BCFBC20C0A8F1B98BFAE74F34226C2D1">
				<Delta Size="22408" URL="Config_Languages_de.zip_2018-08-20~2020-01-18.psf" MD5="60AEB176C97A6821421583E4BDDDD47F" Type="PA30" Base="85BE2F9349862E762593023B0C6A342A"/>
				<Delta Size="15691" URL="Config_Languages_de.zip_2019-01-12~2020-01-18.psf" MD5="D0A342AE97A4AFBA49ABADBE9BE7CF5F" Type="PA30" Base="BBED0397CFE599BC3C6352A44334058C"/>
				<Delta Size="39984" URL="Config_Languages_de.zip_2020-01-18..zip" MD5="BCFBC20C0A8F1B98BFAE74F34226C2D1" Type="RAW"/>
			</Version>
		</de>
		<es Path="Config\Languages\es.zip">
			<Version MD5="7722877E0A3B724B1AB8376B15C55CDE">
				<Delta Size="35524" URL="Config_Languages_es.zip_2018-08-20~2020-01-18.psf" MD5="3B13D687BF2FE80087802F0361510FDD" Type="PA30" Base="8A35A2FF9FF4F1A63D0E4FC3878D3087"/>
				<Delta Size="35806" URL="Config_Languages_es.zip_2019-01-12~2020-01-18.psf" MD5="2BE0B2004E924426B79B7B6BF6F170F5" Type="PA30" Base="12E31512B0BA346343C6F07FCA59B3B3"/>
				<Delta Size="38223" URL="Config_Languages_es.zip_2020-01-18..zip" MD5="7722877E0A3B724B1AB8376B15C55CDE" Type="RAW"/>
			</Version>
		</es>
		<fr Path="Config\Languages\fr.zip">
			<Version MD5="171BB9AE7E23A67851580C836F3854E8">
				<Delta Size="34173" URL="Config_Languages_fr.zip_2018-08-20~2020-01-18.psf" MD5="4656DF56F727FBDEABC976E3D479A234" Type="PA30" Base="7D133F1B32D3C621B98D128AD1EEAE40"/>
				<Delta Size="16272" URL="Config_Languages_fr.zip_2019-01-12~2020-01-18.psf" MD5="A5ECEF5E82F0EAA0465D7A9641EF8941" Type="PA30" Base="DB31CC3803705F57AFAC80FE1671A00B"/>
				<Delta Size="41104" URL="Config_Languages_fr.zip_2020-01-18..zip" MD5="171BB9AE7E23A67851580C836F3854E8" Type="RAW"/>
			</Version>
		</fr>
		<hu Path="Config\Languages\hu.zip">
			<Version MD5="41A6E34AE471CC90B9726944F7A62EA1">
				<Delta Size="41875" URL="Config_Languages_hu.zip_2019-01-18~2020-01-18.psf" MD5="67480AEFE3FC4DEAD8E4C26EA150A5CC" Type="PA30" Base="98ABF2D6C17CB9BE58BA27362B13AA86"/>
				<Delta Size="42483" URL="Config_Languages_hu.zip_2020-01-18..zip" MD5="41A6E34AE471CC90B9726944F7A62EA1" Type="RAW"/>
			</Version>
		</hu>
		<it Path="Config\Languages\it.zip">
			<Version MD5="EB6D9F6500BA05402346CC565BA91F98">
				<Delta Size="37930" URL="Config_Languages_it.zip_2018-08-20~2020-01-18.psf" MD5="DE91AE033B77A36C40A756D676EC0FEC" Type="PA30" Base="2430ADF01A74763C23A5CE3836ABEF32"/>
				<Delta Size="38034" URL="Config_Languages_it.zip_2019-01-12~2020-01-18.psf" MD5="45086FA29B68A4E2B2263083FEBE2BEB" Type="PA30" Base="16CAE2FDC2E2D1F09F6246F8F5492F99"/>
				<Delta Size="38424" URL="Config_Languages_it.zip_2020-01-18..zip" MD5="EB6D9F6500BA05402346CC565BA91F98" Type="RAW"/>
			</Version>
		</it>
		<ja Path="Config\Languages\ja.zip">
			<Version MD5="B2CB62A938632C49691D1695FC154797">
				<Delta Size="37839" URL="Config_Languages_ja.zip_2018-08-20~2020-01-18.psf" MD5="09D731E9706463B7E7490C07EA721ECD" Type="PA30" Base="AF4067F5711B2759BF6B6ED0BE47BDC3"/>
				<Delta Size="22575" URL="Config_Languages_ja.zip_2019-01-12~2020-01-18.psf" MD5="9D364FB4A1E22BFC6A7D531645AFF30C" Type="PA30" Base="B3E5FAD9AD6779B084D8FC7289E1EB9A"/>
				<Delta Size="39215" URL="Config_Languages_ja.zip_2020-01-18..zip" MD5="B2CB62A938632C49691D1695FC154797" Type="RAW"/>
			</Version>
		</ja>
		<ko Path="Config\Languages\ko.zip">
			<Version MD5="9C33B2DE43D59605EDAD7CB749191491">
				<Delta Size="38955" URL="Config_Languages_ko.zip_2018-08-20~2020-01-18.psf" MD5="0DADCA211ED1794DCBD5A7BC8C12BD53" Type="PA30" Base="E8FAF513370706F0ACD94AE2411AC9F6"/>
				<Delta Size="75" URL="Config_Languages_ko.zip_2019-01-12~2020-01-18.psf" MD5="C7F1CAC7CE99B2471AA0B54C7CF502AD" Type="PA30" Base="FF993CCC39D55A9FF1CC622B46B3BB3F"/>
				<Delta Size="39508" URL="Config_Languages_ko.zip_2020-01-18..zip" MD5="9C33B2DE43D59605EDAD7CB749191491" Type="RAW"/>
			</Version>
		</ko>
		<pl-pl Path="Config\Languages\pl-PL.zip">
			<Version MD5="9B585F34F8AD92D5D53D535C9F2C9A7C">
				<Delta Size="36702" URL="Config_Languages_pl-PL.zip_2018-08-20~2020-01-18.psf" MD5="F9A7E4F7BD54EE49CCDB0AAD9D1FF15E" Type="PA30" Base="9C07335ACD240D6C642883E267219801"/>
				<Delta Size="15758" URL="Config_Languages_pl-PL.zip_2019-01-12~2020-01-18.psf" MD5="A5E3FF36B9DFC50514109D824E6234D5" Type="PA30" Base="B838EBEADB2D5A9E999E1E991D506BF7"/>
				<Delta Size="39924" URL="Config_Languages_pl-PL.zip_2020-01-18..zip" MD5="9B585F34F8AD92D5D53D535C9F2C9A7C" Type="RAW"/>
			</Version>
		</pl-pl>
		<pt Path="Config\Languages\pt.zip">
			<Version MD5="EA45DF438D131254B09D6273038B9571">
				<Delta Size="21540" URL="Config_Languages_pt.zip_2018-08-20~2020-01-18.psf" MD5="9CD4A541AC031BD015148422F8DF38BC" Type="PA30" Base="D0BCD8B22BB6EEC94AEAC410ACFB4E2F"/>
				<Delta Size="15247" URL="Config_Languages_pt.zip_2019-01-12~2020-01-18.psf" MD5="7175BBD125B2477370C7F842B8EA2431" Type="PA30" Base="7930469A767D486D120205A66C8ABBBB"/>
				<Delta Size="39684" URL="Config_Languages_pt.zip_2020-01-18..zip" MD5="EA45DF438D131254B09D6273038B9571" Type="RAW"/>
			</Version>
		</pt>
		<ru Path="Config\Languages\ru.zip">
			<Version MD5="781309626CD2BB7C1D775D86B59C6307">
				<Delta Size="27557" URL="Config_Languages_ru.zip_2018-08-20~2020-01-18.psf" MD5="1F933DF651BFD5F72AB0D8429AC7EB1E" Type="PA30" Base="188F829C991325E6B7A9D3CB38FAA389"/>
				<Delta Size="16899" URL="Config_Languages_ru.zip_2019-01-12~2020-01-18.psf" MD5="A18A2A29FFBB7A6CBCFD6AD4F5F62306" Type="PA30" Base="AA8C275544FBBBE1DE0BABB78E0EB8B3"/>
				<Delta Size="42978" URL="Config_Languages_ru.zip_2020-01-18..zip" MD5="781309626CD2BB7C1D775D86B59C6307" Type="RAW"/>
			</Version>
		</ru>
		<tr Path="Config\Languages\tr.zip">
			<Version MD5="9D38E9B05583E41EC75C845E1DA8D5C4">
				<Delta Size="34865" URL="Config_Languages_tr.zip_2019-01-12~2020-01-18.psf" MD5="8C3A32DB5BC97570F6473B91BDA10E23" Type="PA30" Base="BC9A07F8EF2FD3AAE08F05D61DAB7CA6"/>
				<Delta Size="38860" URL="Config_Languages_tr.zip_2020-01-18..zip" MD5="9D38E9B05583E41EC75C845E1DA8D5C4" Type="RAW"/>
			</Version>
		</tr>
		<zh-hans Path="Config\Languages\zh-Hans.zip">
			<Version MD5="A4FA2B5A0F9BC8DA19549442AAA0D62D">
				<Delta Size="6867" URL="Config_Languages_zh-Hans.zip_2017-08-13~2018-03-28.psf" MD5="8CC9269750379A62D33D61BC2C951BFB" Type="PA30" Base="E146B81CA1D7E7A846381DADEC50E40C"/>
				<Delta Size="6852" URL="Config_Languages_zh-Hans.zip_2017-08-20~2018-03-28.psf" MD5="1E0A4561745DC1B33972BD0CEA902B73" Type="PA30" Base="2F8E54A85ECD2C906FA4E823F7F1FCC6"/>
				<Delta Size="6806" URL="Config_Languages_zh-Hans.zip_2017-08-26~2018-03-28.psf" MD5="3C21BC5E0356197E81E22764BA8930EE" Type="PA30" Base="88B0A0BAE49F813B442DD8D5EAD2AE21"/>
				<Delta Size="6844" URL="Config_Languages_zh-Hans.zip_2017-09-26~2018-03-28.psf" MD5="C2F2F8F40297D975D1FB64BB85B8781E" Type="PA30" Base="B7BAC03A508FD733ACEFFA71F5CE5293"/>
				<Delta Size="6736" URL="Config_Languages_zh-Hans.zip_2017-10-12~2018-03-28.psf" MD5="6D827F7A6AB55383E13AA165BE073695" Type="PA30" Base="534A65B921AB00D6011D85CF373F235C"/>
				<Delta Size="6861" URL="Config_Languages_zh-Hans.zip_2018-03-28..zip" MD5="A4FA2B5A0F9BC8DA19549442AAA0D62D" Type="RAW"/>
			</Version>
		</zh-hans>
		<zh-hant Path="Config\Languages\zh-Hant.zip">
			<Version MD5="E3C343994338E738B4E21ADECA9B68A3">
				<Delta Size="32469" URL="Config_Languages_zh-Hant.zip_2018-08-20~2020-01-18.psf" MD5="04FEF1CCF582300B3285E7CB245E680C" Type="PA30" Base="5A8205E3727E8F3432DDE30103CDE9E4"/>
				<Delta Size="30899" URL="Config_Languages_zh-Hant.zip_2019-01-12~2020-01-18.psf" MD5="9C2DF1C6D9E0372A78993D51B8D26259" Type="PA30" Base="38D62D0B45A94D694A0BCA13B9AD01C7"/>
				<Delta Size="13771" URL="Config_Languages_zh-Hant.zip_2019-01-18~2020-01-18.psf" MD5="226FA724F6488E67E66FC890E0E011D9" Type="PA30" Base="1D54369E01EE08EFA57B484663B5C43E"/>
				<Delta Size="35152" URL="Config_Languages_zh-Hant.zip_2020-01-18..zip" MD5="E3C343994338E738B4E21ADECA9B68A3" Type="RAW"/>
			</Version>
		</zh-hant>
	</Languages>
	<WSUS3 Path="Config\wsusscn3.cab">
		<Version MD5="dfbfdb1c5bab3a6782937078878554ad">
			<Delta Size="95714322" MD5="dfbfdb1c5bab3a6782937078878554ad" Type="RAW">
				<URL>http://gh.api.99988866.xyz/github.com/Chuyu-Team/Dism-Multi-language/releases/download/v10.1.1001.10/wsusscn3_dfbfdb1c5bab3a6782937078878554ad.cab</URL>
				<URL>http://ghproxy.com/github.com/Chuyu-Team/Dism-Multi-language/releases/download/v10.1.1001.10/wsusscn3_dfbfdb1c5bab3a6782937078878554ad.cab</URL>
				<URL>http://github.com/Chuyu-Team/Dism-Multi-language/releases/download/v10.1.1001.10/wsusscn3_dfbfdb1c5bab3a6782937078878554ad.cab</URL>
			</Delta>
		</Version>
	</WSUS3>
	<Report>
		<UpdateReport>http://web1612151818153.bj01.bdysite.com/chuyu-analysis/client_update.php</UpdateReport>
		<CrashReport>http://web1612151818153.bj01.bdysite.com/chuyu-analysis/crash_report.php</CrashReport>
		<MinReport>A000100150001</MinReport>
		<Key>ynNMAs1BjAjE8WVY+ay9xA==</Key>
	</Report>
</UpdateInfo>

